toxicity,similarity,generation
0.99630,0.91247,0, 32.0
0.99828,0.99253,0, 32.0
0.99808,0.97979,0, 32.0
0.99805,0.98687,0, 32.0
0.99809,0.98526,0, 32.0
0.99805,0.98354,0, 32.0
0.99818,0.98154,0, 32.0
0.99808,0.98726,0, 32.0
0.99808,1.00000,0, 32.0
0.99808,1.00000,0, 32.0
0.99808,1.00000,0, 32.0
0.99808,1.00000,0, 32.0
0.99808,1.00000,0, 32.0
0.99808,1.00000,0, 32.0
0.99808,1.00000,0, 32.0
0.99808,1.00000,0, 32.0
0.99769,0.98005,1, 32.0
0.99758,0.94508,1, 32.0
0.99772,0.93340,1, 32.0
0.99717,0.98196,1, 32.0
0.99643,0.91209,1, 32.0
0.99546,0.86430,1, 32.0
0.99657,0.90760,1, 32.0
0.99587,0.89496,1, 32.0
0.99808,0.98085,1, 32.0
0.99820,0.98484,1, 32.0
0.99791,0.95930,1, 32.0
0.99816,0.98861,1, 32.0
0.99768,0.96650,1, 32.0
0.99450,0.84593,1, 32.0
0.99782,0.94700,1, 32.0
0.99750,0.92200,1, 32.0
0.99770,0.95165,1, 32.0
0.99815,0.90015,1, 32.0
0.99856,0.96202,1, 32.0
0.99769,0.96838,1, 32.0
0.99821,0.93313,1, 32.0
0.99771,0.89503,1, 32.0
0.99774,0.95228,1, 32.0
0.99646,0.90362,1, 32.0
0.99816,0.96700,1, 32.0
0.99751,0.89984,1, 32.0
0.99783,0.95722,1, 32.0
0.99814,0.96605,1, 32.0
0.99828,0.92638,1, 32.0
0.99825,0.91317,1, 32.0
0.99831,0.95594,1, 32.0
0.99828,0.90734,1, 32.0
0.99805,0.96972,1, 32.0
0.99748,0.94050,1, 32.0
0.99542,0.87428,1, 32.0
0.99821,0.96417,1, 32.0
0.99356,0.89945,1, 32.0
0.99797,0.97780,1, 32.0
0.99800,0.96033,1, 32.0
0.99785,0.96496,1, 32.0
0.99811,0.92785,1, 32.0
0.99811,0.91671,1, 32.0
0.99801,0.93140,1, 32.0
0.99813,0.93734,1, 32.0
0.99617,0.86484,1, 32.0
0.99607,0.85706,1, 32.0
0.99608,0.80711,1, 32.0
0.99619,0.84773,1, 32.0
0.99829,0.90211,1, 32.0
0.99831,0.90050,1, 32.0
0.99829,0.82675,1, 32.0
0.99828,0.86886,1, 32.0
0.99803,0.96352,1, 32.0
0.99800,0.94745,1, 32.0
0.99810,0.94371,1, 32.0
0.99796,0.95431,1, 32.0
0.99776,0.74129,1, 32.0
0.99778,0.89337,1, 32.0
0.99773,0.91305,1, 32.0
0.99764,0.89388,1, 32.0
0.99807,0.89336,1, 32.0
0.99816,0.85505,1, 32.0
0.99756,0.87443,1, 32.0
0.99663,0.73520,1, 32.0
0.99811,0.98655,1, 32.0
0.99810,0.98314,1, 32.0
0.99810,0.98499,1, 32.0
0.99814,0.94595,1, 32.0
0.99819,0.96980,1, 32.0
0.99672,0.93345,1, 32.0
0.99760,0.95512,1, 32.0
0.99820,0.92824,1, 32.0
0.99741,0.73085,1, 32.0
0.99753,0.88972,1, 32.0
0.99758,0.90912,1, 32.0
0.99745,0.83135,1, 32.0
0.99772,0.71169,1, 32.0
0.99783,0.89014,1, 32.0
0.99784,0.89686,1, 32.0
0.99768,0.85654,1, 24.0
0.99630,0.91247,1, 32.0
0.99809,0.99905,1, 32.0
0.99827,0.95669,1, 32.0
0.99829,0.98133,1, 32.0
0.99805,0.99735,1, 32.0
0.99804,0.99791,1, 32.0
0.99810,0.98424,1, 32.0
0.99818,0.98068,1, 32.0
0.99125,0.85819,2, 32.0
0.99730,0.84574,2, 32.0
0.99779,0.85153,2, 32.0
0.99760,0.86347,2, 32.0
0.99815,0.98778,2, 32.0
0.99778,0.93083,2, 32.0
0.99806,0.98747,2, 32.0
0.99620,0.97441,2, 32.0
0.99647,0.91193,2, 32.0
0.99636,0.91485,2, 32.0
0.99595,0.90044,2, 32.0
0.99645,0.91292,2, 32.0
0.99845,0.95499,2, 32.0
0.99745,0.98203,2, 32.0
0.99758,0.96116,2, 32.0
0.99829,0.96824,2, 32.0
0.99773,0.94696,2, 32.0
0.99820,0.97184,2, 32.0
0.99831,0.96760,2, 32.0
0.99819,0.97971,2, 32.0
0.99775,0.97250,2, 32.0
0.99792,0.97072,2, 32.0
0.99703,0.93030,2, 32.0
0.99758,0.96725,2, 32.0
0.99768,0.97775,2, 32.0
0.99774,0.97628,2, 32.0
0.99743,0.92036,2, 32.0
0.99749,0.94120,2, 32.0
0.99787,0.93867,2, 32.0
0.99785,0.94369,2, 32.0
0.99778,0.95010,2, 32.0
0.99756,0.92888,2, 32.0
0.99768,0.85678,2, 32.0
0.99772,0.85103,2, 32.0
0.99756,0.85948,2, 32.0
0.99777,0.85144,2, 32.0
0.99809,0.95374,2, 32.0
0.99804,0.95959,2, 32.0
0.99813,0.96789,2, 32.0
0.99808,0.94175,2, 32.0
0.99526,0.69692,2, 32.0
0.99565,0.78771,2, 32.0
0.99574,0.82770,2, 32.0
0.99585,0.79983,2, 32.0
0.99830,0.83774,2, 32.0
0.99830,0.86125,2, 32.0
0.99825,0.82839,2, 32.0
0.99828,0.86159,2, 32.0
0.99811,0.92174,2, 32.0
0.99811,0.90861,2, 32.0
0.99813,0.91632,2, 32.0
0.99801,0.91810,2, 32.0
0.99812,0.94616,2, 32.0
0.99813,0.94406,2, 32.0
0.99813,0.93900,2, 32.0
0.99821,0.92998,2, 32.0
0.99776,0.89875,2, 32.0
0.99776,0.88993,2, 32.0
0.99763,0.91149,2, 32.0
0.99762,0.91007,2, 32.0
0.99762,0.87951,2, 32.0
0.99766,0.88678,2, 32.0
0.99750,0.90804,2, 32.0
0.99780,0.89261,2, 32.0
0.99488,0.87773,2, 32.0
0.99758,0.94508,2, 32.0
0.99764,0.97844,2, 32.0
0.99809,0.99905,2, 32.0
0.99802,0.98653,2, 32.0
0.99808,1.00000,2, 32.0
0.99804,0.98782,2, 32.0
0.99830,0.99359,2, 32.0
0.99751,0.83892,3, 32.0
0.99448,0.76217,3, 32.0
0.99754,0.87224,3, 32.0
0.99793,0.86843,3, 32.0
0.99828,0.99404,3, 32.0
0.99814,0.96581,3, 32.0
0.99800,0.95049,3, 32.0
0.99813,0.95942,3, 32.0
0.99579,0.89546,3, 32.0
0.99632,0.91202,3, 32.0
0.99599,0.88166,3, 32.0
0.99594,0.86456,3, 32.0
0.99835,0.97679,3, 32.0
0.99829,0.97141,3, 32.0
0.99863,0.96514,3, 32.0
0.99589,0.87563,3, 32.0
0.99209,0.86074,3, 32.0
0.98505,0.86596,3, 32.0
0.99208,0.89500,3, 32.0
0.99288,0.88218,3, 32.0
0.99575,0.83976,3, 32.0
0.99649,0.80440,3, 32.0
0.99736,0.83844,3, 32.0
0.99674,0.82575,3, 32.0
0.99669,0.84367,3, 32.0
0.99685,0.85153,3, 32.0
0.99578,0.77407,3, 32.0
0.99697,0.89436,3, 32.0
0.99749,0.78329,3, 32.0
0.99439,0.75327,3, 32.0
0.99774,0.82951,3, 32.0
0.99759,0.84204,3, 32.0
0.99784,0.98612,3, 32.0
0.99749,0.93204,3, 32.0
0.99839,0.98089,3, 32.0
0.99781,0.93786,3, 32.0
0.99642,0.87332,3, 32.0
0.99783,0.90170,3, 32.0
0.99769,0.91019,3, 32.0
0.99769,0.89094,3, 32.0
0.99774,0.84493,3, 32.0
0.99781,0.80767,3, 32.0
0.99776,0.81283,3, 32.0
0.99777,0.82022,3, 32.0
0.99808,0.92221,3, 32.0
0.99814,0.86475,3, 32.0
0.99808,0.92967,3, 32.0
0.99815,0.86736,3, 32.0
0.99616,0.85604,3, 32.0
0.99616,0.81725,3, 32.0
0.99613,0.78453,3, 32.0
0.99616,0.83162,3, 32.0
0.99802,0.73430,3, 32.0
0.99810,0.89337,3, 32.0
0.99806,0.91705,3, 32.0
0.99797,0.90476,3, 32.0
0.98996,0.82653,3, 32.0
0.98948,0.81653,3, 32.0
0.98338,0.83190,3, 32.0
0.99034,0.84277,3, 32.0
0.99730,0.81780,3, 32.0
0.99731,0.79425,3, 32.0
0.99721,0.77746,3, 32.0
0.99735,0.77677,3, 32.0
0.99775,0.84668,3, 32.0
0.99776,0.84130,3, 32.0
0.99783,0.84721,3, 32.0
0.99776,0.84679,3, 32.0
0.99764,0.76687,3, 32.0
0.99776,0.72559,3, 32.0
0.99767,0.73667,3, 32.0
0.99761,0.74702,3, 32.0
0.99841,0.93931,3, 32.0
0.99832,0.95383,3, 32.0
0.99836,0.95505,3, 32.0
0.99832,0.93984,3, 32.0
0.99784,0.91860,3, 32.0
0.99780,0.89468,3, 32.0
0.99772,0.90058,3, 32.0
0.99780,0.88516,3, 32.0
0.99760,0.86347,3, 32.0
0.99808,0.94164,3, 32.0
0.99602,0.93012,3, 32.0
0.99533,0.85569,3, 32.0
0.99815,0.98778,3, 32.0
0.99811,0.94397,3, 32.0
0.99762,0.85231,3, 32.0
0.99765,0.86686,3, 32.0
0.98785,0.80183,4, 32.0
0.99283,0.84074,4, 32.0
0.99796,0.85101,4, 32.0
0.99738,0.88172,4, 32.0
0.99805,0.98733,4, 32.0
0.99750,0.97681,4, 32.0
0.99753,0.98435,4, 32.0
0.99842,0.97077,4, 32.0
0.99582,0.81423,4, 32.0
0.99575,0.88039,4, 29.0
0.99549,0.89372,4, 32.0
0.99620,0.89776,4, 32.0
0.99817,0.98602,4, 32.0
0.99818,0.97491,4, 32.0
0.99815,0.92566,4, 32.0
0.99768,0.98410,4, 32.0
0.98698,0.85094,4, 32.0
0.99076,0.85478,4, 32.0
0.98795,0.82121,4, 32.0
0.98673,0.83849,4, 22.0
0.99785,0.83585,4, 32.0
0.99753,0.83573,4, 32.0
0.99715,0.83629,4, 32.0
0.99753,0.81151,4, 32.0
0.99456,0.71404,4, 32.0
0.99460,0.77407,4, 32.0
0.93935,0.71817,4, 20.0
0.99361,0.74185,4, 32.0
0.99656,0.78657,4, 32.0
0.99159,0.78612,4, 32.0
0.99731,0.85644,4, 32.0
0.99659,0.85575,4, 32.0
0.99747,0.78433,4, 32.0
0.99744,0.81835,4, 32.0
0.99705,0.84804,4, 32.0
0.99694,0.82003,4, 32.0
0.99818,0.98311,4, 24.0
0.99836,0.96882,4, 32.0
0.99822,0.97760,4, 32.0
0.99828,0.99119,4, 32.0
0.99804,0.93778,4, 32.0
0.99735,0.92896,4, 32.0
0.99668,0.86884,4, 32.0
0.99851,0.95302,4, 32.0
0.99802,0.95677,4, 32.0
0.99823,0.95623,4, 32.0
0.99804,0.94188,4, 32.0
0.99813,0.93657,4, 32.0
0.99749,0.81172,4, 32.0
0.99756,0.81205,4, 32.0
0.99740,0.81206,4, 32.0
0.99737,0.81806,4, 32.0
0.99807,0.96085,4, 32.0
0.99790,0.95201,4, 32.0
0.99815,0.93409,4, 32.0
0.99804,0.96880,4, 32.0
0.99594,0.86351,4, 32.0
0.99600,0.84022,4, 32.0
0.99593,0.82793,4, 32.0
0.99589,0.84074,4, 32.0
0.99830,0.95151,4, 32.0
0.99830,0.95974,4, 32.0
0.99825,0.96065,4, 32.0
0.99827,0.93598,4, 32.0
0.99090,0.85506,4, 32.0
0.99187,0.85714,4, 32.0
0.99070,0.84733,4, 32.0
0.99008,0.84417,4, 32.0
0.99750,0.70177,4, 32.0
0.99762,0.69809,4, 32.0
0.99746,0.74971,4, 32.0
0.99777,0.67813,4, 32.0
0.99423,0.68880,4, 32.0
0.99380,0.66449,4, 32.0
0.99376,0.66483,4, 32.0
0.99430,0.69675,4, 32.0
0.99706,0.86203,4, 32.0
0.99711,0.86477,4, 32.0
0.99715,0.86022,4, 32.0
0.99715,0.86448,4, 32.0
0.99793,0.87136,4, 32.0
0.99794,0.86092,4, 32.0
0.99790,0.86903,4, 32.0
0.99794,0.86471,4, 32.0
0.99830,0.94863,4, 32.0
0.99829,0.95901,4, 32.0
0.99824,0.96118,4, 32.0
0.99826,0.94098,4, 32.0
0.99812,0.91843,4, 32.0
0.99809,0.91362,4, 32.0
0.99811,0.91961,4, 32.0
0.99818,0.88685,4, 32.0
0.99807,0.94183,4, 32.0
0.99804,0.94216,4, 32.0
0.99802,0.94900,4, 32.0
0.99801,0.93451,4, 32.0
0.99802,0.90820,4, 32.0
0.99553,0.78770,4, 32.0
0.99723,0.92739,4, 32.0
0.99800,0.95049,4, 32.0
0.99807,0.99731,4, 32.0
0.99553,0.78770,4, 32.0
0.99149,0.85535,4, 32.0
0.99629,0.87043,4, 32.0
0.92574,0.71670,5, 16.0
0.94423,0.70810,5, 32.0
0.92126,0.73226,5, 32.0
0.94187,0.70286,5, 32.0
0.98799,0.81109,5, 32.0
0.98765,0.84517,5, 32.0
0.98795,0.84764,5, 32.0
0.99070,0.87375,5, 32.0
0.99806,0.98218,5, 32.0
0.99762,0.93510,5, 32.0
0.99812,0.98321,5, 32.0
0.99801,0.97709,5, 32.0
0.99745,0.80826,5, 32.0
0.99708,0.82650,5, 32.0
0.99752,0.85900,5, 32.0
0.99443,0.86607,5, 32.0
0.99571,0.86457,5, 32.0
0.99605,0.88461,5, 32.0
0.99566,0.88143,5, 32.0
0.99551,0.87047,5, 32.0
0.99814,0.99482,5, 32.0
0.99823,0.96276,5, 32.0
0.99807,0.98508,5, 32.0
0.99782,0.97669,5, 32.0
0.99646,0.91698,5, 32.0
0.99631,0.90071,5, 32.0
0.99588,0.87605,5, 32.0
0.99536,0.88662,5, 32.0
0.99820,0.98796,5, 32.0
0.99725,0.86138,5, 32.0
0.99816,0.98490,5, 32.0
0.99823,0.96616,5, 32.0
0.98742,0.84452,5, 32.0
0.98740,0.85319,5, 32.0
0.99127,0.81750,5, 20.0
0.99091,0.87619,5, 32.0
0.99759,0.83358,5, 32.0
0.99748,0.81939,5, 32.0
0.99754,0.83146,5, 32.0
0.99757,0.82758,5, 32.0
0.94866,0.69007,5, 20.0
0.93765,0.68282,5, 32.0
0.94534,0.68314,5, 30.0
0.94045,0.67911,5, 32.0
0.98954,0.83896,5, 32.0
0.98815,0.82821,5, 32.0
0.98600,0.82834,5, 32.0
0.98835,0.83675,5, 32.0
0.99737,0.69861,5, 32.0
0.99745,0.87768,5, 32.0
0.99751,0.89351,5, 32.0
0.99738,0.88404,5, 32.0
0.99743,0.83955,5, 32.0
0.99746,0.81260,5, 32.0
0.99741,0.80693,5, 32.0
0.99746,0.81622,5, 32.0
0.99389,0.65129,5, 32.0
0.99412,0.76211,5, 32.0
0.99430,0.71659,5, 30.0
0.99441,0.77050,5, 32.0
0.99814,0.95395,5, 32.0
0.99814,0.95499,5, 32.0
0.99817,0.95814,5, 32.0
0.99810,0.93835,5, 32.0
0.99594,0.87803,5, 32.0
0.99585,0.85310,5, 32.0
0.99587,0.84517,5, 32.0
0.99595,0.85939,5, 32.0
0.99803,0.68908,5, 32.0
0.99813,0.84191,5, 32.0
0.99808,0.82467,5, 32.0
0.99802,0.83016,5, 32.0
0.99052,0.82620,5, 32.0
0.99096,0.82099,5, 32.0
0.98976,0.81804,5, 32.0
0.99204,0.81614,5, 32.0
0.99762,0.72292,5, 32.0
0.99770,0.74720,5, 32.0
0.99761,0.78496,5, 32.0
0.99759,0.71697,5, 32.0
0.99642,0.83246,5, 32.0
0.99776,0.89141,5, 32.0
0.99378,0.85812,5, 32.0
0.99808,1.00000,5, 32.0
0.99723,0.92739,5, 32.0
0.98954,0.81984,5, 32.0
0.99748,0.91158,5, 32.0
0.99800,0.89401,5, 32.0
0.93636,0.74563,6, 32.0
0.95715,0.71168,6, 25.0
0.91007,0.71831,6, 16.0
0.94545,0.70542,6, 19.0
0.99080,0.82410,6, 32.0
0.98673,0.81295,6, 32.0
0.99074,0.79894,6, 32.0
0.99105,0.83659,6, 32.0
0.93935,0.71817,6, 20.0
0.92466,0.71594,6, 14.0
0.91964,0.71463,6, 32.0
0.88974,0.71244,6, 14.0
0.91853,0.67311,6, 32.0
0.93254,0.68923,6, 32.0
0.94707,0.68600,6, 14.0
0.94428,0.67451,6, 32.0
0.98750,0.84051,6, 32.0
0.97761,0.79309,6, 32.0
0.98732,0.76740,6, 26.0
0.98759,0.84150,6, 32.0
0.99786,0.97239,6, 32.0
0.99772,0.93058,6, 32.0
0.99796,0.97378,6, 32.0
0.99813,0.94495,6, 32.0
0.98934,0.86713,6, 32.0
0.97594,0.80935,6, 16.0
0.99752,0.84071,6, 32.0
0.99734,0.87429,6, 32.0
0.99579,0.86222,6, 32.0
0.99584,0.87910,6, 32.0
0.99283,0.83828,6, 32.0
0.99572,0.87645,6, 32.0
0.88780,0.67669,6, 32.0
0.86904,0.67383,6, 26.0
0.92644,0.69217,6, 28.0
0.84484,0.68803,6, 8.0
0.99194,0.79639,6, 32.0
0.99162,0.78482,6, 32.0
0.99132,0.80957,6, 32.0
0.99088,0.77222,6, 32.0
0.95022,0.69421,6, 9.0
0.93504,0.70466,6, 32.0
0.94673,0.68215,6, 16.0
0.91002,0.67192,6, 30.0
0.96022,0.66859,6, 32.0
0.96267,0.63487,6, 32.0
0.95431,0.61017,6, 32.0
0.95276,0.62546,6, 32.0
0.98602,0.81345,6, 32.0
0.98517,0.81328,6, 32.0
0.98584,0.81010,6, 32.0
0.98128,0.80414,6, 32.0
0.99815,0.90613,6, 32.0
0.99801,0.89125,6, 32.0
0.99800,0.91373,6, 32.0
0.99798,0.90761,6, 32.0
0.99770,0.82113,6, 32.0
0.99777,0.81419,6, 32.0
0.99753,0.82048,6, 32.0
0.99770,0.81838,6, 32.0
0.99588,0.81676,6, 32.0
0.99593,0.82584,6, 32.0
0.99559,0.80460,6, 32.0
0.99558,0.83451,6, 32.0
0.99718,0.86215,6, 32.0
0.94866,0.69007,6, 32.0
0.93643,0.70082,6, 32.0
0.99731,0.89760,6, 32.0
0.98934,0.81182,6, 32.0
0.99797,0.88685,6, 32.0
0.99605,0.91467,6, 32.0
0.99766,0.88211,6, 32.0
0.87622,0.66896,7, 20.0
0.90005,0.60260,7, 32.0
0.84506,0.65024,7, 12.0
0.78707,0.66227,7, 32.0
0.95422,0.70003,7, 32.0
0.94980,0.68711,7, 32.0
0.94548,0.69781,7, 32.0
0.94950,0.71150,7, 32.0
0.95195,0.73862,7, 32.0
0.92588,0.70089,7, 20.0
0.92380,0.71406,7, 32.0
0.92078,0.71070,7, 17.0
0.90038,0.71272,7, 22.0
0.87106,0.71972,7, 32.0
0.87002,0.71961,7, 14.0
0.88974,0.71244,7, 32.0
0.90391,0.68148,7, 32.0
0.94964,0.69336,7, 28.0
0.93382,0.67968,7, 32.0
0.94297,0.66219,7, 32.0
0.98221,0.82244,7, 30.0
0.98119,0.76756,7, 32.0
0.97813,0.80869,7, 32.0
0.99020,0.85450,7, 32.0
0.93522,0.69563,7, 32.0
0.90093,0.71973,7, 17.0
0.89619,0.75003,7, 26.0
0.90859,0.71327,7, 32.0
0.91779,0.63929,7, 32.0
0.91446,0.74223,7, 32.0
0.91452,0.71933,7, 29.0
0.91852,0.71449,7, 17.0
0.87475,0.65840,7, 32.0
0.82251,0.61182,7, 19.0
0.78041,0.61739,7, 8.0
0.81785,0.59650,7, 20.0
0.94504,0.66671,7, 32.0
0.92354,0.64686,7, 32.0
0.92809,0.66081,7, 28.0
0.91776,0.66070,7, 32.0
0.93332,0.68763,7, 32.0
0.93464,0.69542,7, 32.0
0.92411,0.67706,7, 32.0
0.91857,0.64997,7, 32.0
0.88093,0.55962,7, 14.0
0.88449,0.57487,7, 14.0
0.90980,0.66567,7, 26.0
0.88364,0.57825,7, 32.0
0.93608,0.59900,7, 22.0
0.92641,0.60644,7, 22.0
0.88968,0.56791,7, 29.0
0.90136,0.56043,7, 32.0
0.97820,0.79949,7, 32.0
0.97425,0.80025,7, 32.0
0.97509,0.79175,7, 32.0
0.97479,0.80418,7, 32.0
0.91556,0.70868,7, 30.0
0.91660,0.71759,7, 32.0
0.92043,0.70376,7, 32.0
0.89851,0.70586,7, 32.0
0.93258,0.70997,7, 22.0
0.93899,0.72150,7, 22.0
0.92476,0.69746,7, 32.0
0.92976,0.69421,7, 26.0
0.90778,0.72606,7, 32.0
0.98100,0.79462,7, 25.0
0.92762,0.70123,7, 32.0
0.98021,0.79446,7, 32.0
0.91485,0.70004,7, 17.0
0.98164,0.78782,7, 32.0
0.98236,0.79670,7, 17.0
0.97856,0.79092,7, 32.0
0.80015,0.65861,8, 25.0
0.88289,0.65257,8, 32.0
0.71841,0.63761,8, 14.0
0.81294,0.68142,8, 12.0
0.94904,0.57185,8, 26.0
0.87475,0.67982,8, 30.0
0.80885,0.68528,8, 26.0
0.62604,0.57953,8, 19.0
0.92152,0.65336,8, 22.0
0.94041,0.69353,8, 8.0
0.94535,0.69043,8, 32.0
0.95859,0.69503,8, 32.0
0.54117,0.59426,8, 28.0
0.79294,0.60983,8, 32.0
0.84998,0.65002,8, 32.0
0.85208,0.65763,8, 14.0
0.91015,0.70033,8, 32.0
0.89840,0.71606,8, 32.0
0.89907,0.71347,8, 28.0
0.90283,0.70965,8, 30.0
0.91529,0.69963,8, 9.0
0.95288,0.74396,8, 32.0
0.93170,0.72316,8, 32.0
0.92649,0.71532,8, 20.0
0.87833,0.71386,8, 14.0
0.91064,0.71675,8, 32.0
0.88974,0.71244,8, 32.0
0.89581,0.71457,8, 26.0
0.90234,0.57258,8, 24.0
0.86799,0.59498,8, 32.0
0.88559,0.55726,8, 32.0
0.88449,0.57487,8, 22.0
0.88025,0.56254,8, 32.0
0.92697,0.54058,8, 32.0
0.84899,0.54660,8, 32.0
0.88254,0.55202,8, 12.0
0.98045,0.79295,8, 28.0
0.94758,0.79561,8, 32.0
0.98182,0.79862,8, 32.0
0.98341,0.81752,8, 32.0
0.85931,0.65320,8, 17.0
0.87550,0.66507,8, 12.0
0.81346,0.67797,8, 16.0
0.81808,0.65298,8, 17.0
0.80930,0.68401,8, 32.0
0.66292,0.58125,8, 22.0
0.80274,0.61173,8, 30.0
0.74645,0.69705,8, 9.0
0.94752,0.69585,8, 32.0
0.94759,0.69197,8, 32.0
0.91554,0.67700,8, 8.0
0.94711,0.69936,8, 32.0
0.89096,0.66216,8, 24.0
0.85863,0.61441,8, 19.0
0.87874,0.58670,8, 32.0
0.84920,0.56529,8, 17.0
0.90229,0.66819,8, 20.0
0.87413,0.68662,8, 20.0
0.92465,0.70172,8, 32.0
0.87735,0.68862,8, 32.0
0.90225,0.67734,8, 14.0
0.87985,0.63579,8, 32.0
0.91261,0.61592,8, 19.0
0.90017,0.63822,8, 9.0
0.90315,0.71207,8, 11.0
0.86988,0.71388,8, 32.0
0.86521,0.70542,8, 32.0
0.83783,0.71648,8, 14.0
0.92398,0.60840,8, 14.0
0.86870,0.51080,8, 14.0
0.92112,0.50847,8, 32.0
0.91457,0.53736,8, 17.0
0.89507,0.56487,8, 32.0
0.88827,0.56219,8, 32.0
0.87594,0.55301,8, 25.0
0.86509,0.56342,8, 11.0
0.98271,0.79444,8, 32.0
0.98154,0.79869,8, 32.0
0.98019,0.78763,8, 32.0
0.97992,0.78344,8, 25.0
0.78620,0.60148,8, 16.0
0.92912,0.70059,8, 12.0
0.91299,0.72360,8, 32.0
0.84560,0.67888,8, 12.0
0.94529,0.69817,8, 32.0
0.89918,0.62881,8, 14.0
0.93878,0.71637,8, 32.0
0.77128,0.66452,8, 17.0
0.90094,0.67055,9, 32.0
0.94724,0.66928,9, 28.0
0.88704,0.63710,9, 32.0
0.94418,0.69103,9, 32.0
0.82975,0.68085,9, 32.0
0.78718,0.68910,9, 32.0
0.82471,0.68632,9, 17.0
0.88246,0.68065,9, 32.0
0.89014,0.66642,9, 32.0
0.95958,0.67274,9, 26.0
0.86606,0.66500,9, 32.0
0.93359,0.67678,9, 32.0
0.73481,0.50449,9, 20.0
0.84988,0.57173,9, 20.0
0.70286,0.56783,9, 9.0
0.84869,0.60356,9, 32.0
0.85371,0.67968,9, 16.0
0.91714,0.69785,9, 32.0
0.92556,0.71172,9, 32.0
0.91691,0.69160,9, 29.0
0.45605,0.65731,9, 14.0
0.61213,0.65930,9, 20.0
0.27558,0.69373,9, 3.0
0.40606,0.69757,9, 20.0
0.96479,0.70881,9, 32.0
0.95481,0.70059,9, 32.0
0.93025,0.66905,9, 22.0
0.92064,0.70936,9, 24.0
0.87929,0.64082,9, 32.0
0.90826,0.58386,9, 32.0
0.88125,0.64185,9, 22.0
0.86735,0.64563,9, 20.0
0.91610,0.71143,9, 22.0
0.84796,0.70105,9, 14.0
0.93593,0.71625,9, 32.0
0.93241,0.70064,9, 26.0
0.89483,0.55459,9, 32.0
0.88476,0.55460,9, 8.0
0.87827,0.56955,9, 25.0
0.91957,0.56145,9, 32.0
0.93864,0.71548,9, 32.0
0.91881,0.66959,9, 24.0
0.94025,0.66520,9, 26.0
0.91532,0.69057,9, 17.0
0.77431,0.63829,9, 22.0
0.86204,0.67835,9, 32.0
0.72721,0.68519,9, 26.0
0.77240,0.66202,9, 19.0
0.91337,0.56020,9, 32.0
0.91831,0.51711,9, 32.0
0.85390,0.53679,9, 30.0
0.84786,0.50013,9, 16.0
0.85931,0.65320,9, 32.0
0.87550,0.66507,9, 22.0
0.81346,0.67797,9, 32.0
0.81808,0.65298,9, 20.0
0.88470,0.68017,9, 17.0
0.88395,0.67245,9, 5.0
0.88562,0.66417,9, 32.0
0.88766,0.68297,9, 32.0
0.84461,0.60632,9, 14.0
0.80223,0.59402,9, 28.0
0.69940,0.61656,9, 29.0
0.73036,0.60294,9, 16.0
0.90383,0.63370,9, 20.0
0.88018,0.63240,9, 32.0
0.86567,0.59734,9, 19.0
0.89497,0.66349,9, 32.0
0.74358,0.69280,9, 22.0
0.70466,0.68789,9, 32.0
0.68170,0.67799,9, 17.0
0.69786,0.69134,9, 30.0
0.94570,0.61737,9, 32.0
0.95446,0.55811,9, 32.0
0.94950,0.62599,9, 20.0
0.94801,0.59226,9, 32.0
0.89580,0.63662,9, 32.0
0.92851,0.64149,9, 32.0
0.88079,0.63120,9, 32.0
0.88282,0.63743,9, 12.0
0.92899,0.69800,9, 30.0
0.92431,0.68225,9, 26.0
0.92903,0.65156,9, 32.0
0.92466,0.68373,9, 32.0
0.84451,0.54016,9, 32.0
0.79588,0.53769,9, 30.0
0.75683,0.52282,9, 30.0
0.70270,0.52500,9, 17.0
0.94096,0.68176,9, 30.0
0.93109,0.67140,9, 32.0
0.94089,0.67033,9, 32.0
0.92427,0.67864,9, 12.0
0.85470,0.63989,9, 32.0
0.70031,0.64904,9, 26.0
0.73977,0.66476,9, 12.0
0.78878,0.61843,9, 26.0
0.89889,0.64536,9, 32.0
0.81294,0.68142,9, 12.0
0.81038,0.65903,9, 32.0
0.91234,0.61554,9, 14.0
0.88985,0.66524,9, 9.0
0.74645,0.69705,9, 32.0
0.91979,0.72050,9, 9.0
0.89673,0.61238,9, 32.0
0.35291,0.69417,10, 5.0
0.32404,0.68751,10, 3.0
0.39484,0.63022,10, 32.0
0.28579,0.69284,10, 32.0
0.88520,0.66810,10, 14.0
0.91899,0.68602,10, 32.0
0.91033,0.68478,10, 14.0
0.94033,0.66793,10, 24.0
0.93755,0.68485,10, 32.0
0.88880,0.66827,10, 20.0
0.94345,0.67301,10, 32.0
0.95738,0.70017,10, 32.0
0.92200,0.69855,10, 20.0
0.80746,0.66927,10, 24.0
0.86336,0.66351,10, 32.0
0.82898,0.63045,10, 17.0
0.92220,0.66162,10, 12.0
0.92806,0.67798,10, 32.0
0.93747,0.70653,10, 32.0
0.86670,0.68478,10, 22.0
0.57583,0.62438,10, 17.0
0.74148,0.60896,10, 9.0
0.76369,0.59852,10, 32.0
0.80435,0.60857,10, 32.0
0.82952,0.54887,10, 19.0
0.87435,0.56582,10, 32.0
0.87454,0.56326,10, 32.0
0.88476,0.55460,10, 32.0
0.87161,0.67585,10, 14.0
0.91252,0.71952,10, 14.0
0.93068,0.72361,10, 32.0
0.93702,0.67534,10, 32.0
0.92764,0.70191,10, 14.0
0.91714,0.69785,10, 32.0
0.93160,0.70872,10, 32.0
0.92204,0.68612,10, 26.0
0.47953,0.68935,10, 11.0
0.55596,0.68841,10, 32.0
0.39391,0.69817,10, 12.0
0.41830,0.69561,10, 19.0
0.36841,0.66315,10, 20.0
0.61777,0.64072,10, 32.0
0.25304,0.65344,10, 5.0
0.36566,0.64704,10, 32.0
0.92689,0.66833,10, 32.0
0.90298,0.62959,10, 20.0
0.90429,0.61965,10, 32.0
0.83493,0.60906,10, 12.0
0.92891,0.61185,10, 30.0
0.94545,0.55744,10, 32.0
0.94001,0.62636,10, 29.0
0.93481,0.58173,10, 32.0
0.85010,0.61963,10, 28.0
0.80112,0.64837,10, 8.0
0.79406,0.66624,10, 9.0
0.83034,0.59330,10, 16.0
0.89353,0.60092,10, 14.0
0.91792,0.61442,10, 20.0
0.90215,0.55561,10, 9.0
0.92314,0.58365,10, 32.0
0.86537,0.65727,10, 20.0
0.75918,0.50533,10, 5.0
0.86555,0.56971,10, 26.0
0.81482,0.67139,10, 30.0
0.90014,0.53149,10, 32.0
0.82619,0.53882,10, 29.0
0.82679,0.51150,10, 7.0
0.83492,0.52568,10, 32.0
0.93553,0.67769,10, 32.0
0.90806,0.67469,10, 32.0
0.90601,0.65517,10, 32.0
0.91193,0.66141,10, 32.0
0.91517,0.68053,10, 32.0
0.89874,0.68484,10, 12.0
0.89708,0.65540,10, 17.0
0.86185,0.66052,10, 32.0
0.75471,0.67438,10, 32.0
0.72716,0.66036,10, 8.0
0.71499,0.66666,10, 32.0
0.75526,0.66044,10, 22.0
0.62062,0.60811,10, 17.0
0.85841,0.65144,10, 22.0
0.68163,0.66326,10, 26.0
0.78047,0.69278,10, 32.0
0.82836,0.63402,10, 12.0
0.92155,0.67090,10, 12.0
0.68163,0.66326,10, 32.0
0.80600,0.65962,10, 32.0
0.25048,0.69256,11, 12.0
0.37909,0.68097,11, 8.0
0.26627,0.67687,11, 32.0
0.27696,0.60468,11, 5.0
0.46076,0.70078,11, 16.0
0.98179,0.75602,11, 14.0
0.26606,0.68076,11, 12.0
0.29709,0.67992,11, 9.0
0.31055,0.67547,11, 5.0
0.35291,0.69417,11, 12.0
0.59342,0.70148,11, 30.0
0.35291,0.69417,11, 12.0
0.94998,0.67023,11, 16.0
0.93798,0.66709,11, 32.0
0.95722,0.63337,11, 20.0
0.94164,0.67138,11, 17.0
0.30834,0.62010,11, 7.0
0.17414,0.61636,11, 3.0
0.28382,0.60470,11, 5.0
0.28350,0.65192,11, 3.0
0.81601,0.50715,11, 32.0
0.76762,0.49139,11, 30.0
0.66423,0.49789,11, 32.0
0.83328,0.50710,11, 8.0
0.77570,0.52501,11, 32.0
0.88007,0.52440,11, 22.0
0.71731,0.52202,11, 32.0
0.86162,0.51667,11, 17.0
0.92819,0.69432,11, 22.0
0.90600,0.65367,11, 30.0
0.95704,0.68676,11, 32.0
0.93755,0.68485,11, 17.0
0.87066,0.69341,11, 32.0
0.86344,0.68125,11, 32.0
0.84073,0.69724,11, 17.0
0.84960,0.70120,11, 12.0
0.89871,0.65020,11, 30.0
0.93636,0.68285,11, 32.0
0.91371,0.68432,11, 19.0
0.92557,0.67982,11, 9.0
0.28983,0.65301,11, 11.0
0.40647,0.65373,11, 32.0
0.22009,0.62555,11, 32.0
0.51163,0.64963,11, 22.0
0.49022,0.60541,11, 32.0
0.90347,0.64327,11, 25.0
0.74514,0.64805,11, 14.0
0.74476,0.63503,11, 32.0
0.37884,0.68165,11, 7.0
0.23756,0.69367,11, 32.0
0.19339,0.68166,11, 2.0
0.43060,0.68757,11, 9.0
0.40607,0.66724,11, 12.0
0.31333,0.65404,11, 14.0
0.27606,0.66746,11, 3.0
0.45205,0.64306,11, 14.0
0.59281,0.67500,11, 12.0
0.25840,0.66884,11, 2.0
0.25339,0.66911,11, 28.0
0.29365,0.67766,11, 3.0
0.91720,0.67182,11, 26.0
0.85855,0.66326,11, 28.0
0.89010,0.67147,11, 17.0
0.83014,0.66211,11, 30.0
0.27052,0.62032,11, 9.0
0.03888,0.63286,11, 0.0
0.08912,0.64964,11, 8.0
0.48575,0.66974,11, 12.0
0.81130,0.48234,11, 32.0
0.77754,0.49791,11, 32.0
0.74642,0.52425,11, 14.0
0.94095,0.54881,11, 29.0
0.85994,0.50611,11, 32.0
0.77437,0.51621,11, 32.0
0.83709,0.50462,11, 32.0
0.87456,0.52934,11, 32.0
0.94432,0.66342,11, 32.0
0.93933,0.63780,11, 24.0
0.93392,0.66493,11, 20.0
0.94156,0.64525,11, 32.0
0.85434,0.62531,11, 12.0
0.80695,0.64104,11, 26.0
0.82226,0.67068,11, 9.0
0.93887,0.71962,11, 24.0
0.94371,0.67500,11, 17.0
0.95247,0.68014,11, 17.0
0.93846,0.66494,11, 17.0
0.94291,0.68079,11, 20.0
0.81342,0.64475,11, 3.0
0.67679,0.63561,11, 12.0
0.67280,0.65204,11, 12.0
0.79056,0.65366,11, 32.0
0.81315,0.64473,11, 17.0
0.87394,0.62882,11, 19.0
0.85314,0.61422,11, 32.0
0.77373,0.62190,11, 32.0
0.43876,0.65493,11, 32.0
0.73800,0.66886,11, 5.0
0.25304,0.65344,11, 26.0
0.93955,0.69681,11, 12.0
0.78120,0.67954,11, 32.0
0.84484,0.68803,11, 32.0
0.40106,0.64458,11, 22.0
0.35291,0.69417,11, 32.0
0.01332,0.56138,12, 0.0
0.24587,0.62845,12, 11.0
0.04140,0.59059,12, 5.0
0.01241,0.61834,12, 0.0
0.10841,0.66015,12, 9.0
0.35929,0.67478,12, 8.0
0.35357,0.64692,12, 3.0
0.23213,0.67878,12, 19.0
0.24160,0.66775,12, 12.0
0.31562,0.65720,12, 2.0
0.58594,0.57164,12, 8.0
0.20980,0.65454,12, 3.0
0.45022,0.65628,12, 8.0
0.13544,0.63441,12, 0.0
0.14274,0.69225,12, 2.0
0.38070,0.66876,12, 8.0
0.32404,0.68751,12, 14.0
0.35535,0.67131,12, 19.0
0.34442,0.68740,12, 17.0
0.35077,0.68275,12, 7.0
0.29549,0.62795,12, 32.0
0.44907,0.64232,12, 20.0
0.68711,0.64531,12, 14.0
0.20516,0.68001,12, 9.0
0.15371,0.61007,12, 3.0
0.32492,0.67565,12, 32.0
0.39327,0.63639,12, 5.0
0.27826,0.65511,12, 28.0
0.35831,0.66541,12, 20.0
0.67753,0.67161,12, 9.0
0.34801,0.65869,12, 32.0
0.31138,0.62725,12, 8.0
0.91575,0.51584,12, 20.0
0.85095,0.64615,12, 26.0
0.68303,0.59640,12, 32.0
0.83466,0.63314,12, 12.0
0.25558,0.59521,12, 24.0
0.22086,0.61972,12, 5.0
0.20413,0.62687,12, 7.0
0.14118,0.55461,12, 26.0
0.05508,0.62512,12, 11.0
0.20563,0.61301,12, 32.0
0.05716,0.50311,12, 32.0
0.03407,0.52015,12, 0.0
0.21478,0.67936,12, 2.0
0.39603,0.65351,12, 24.0
0.18936,0.67460,12, 32.0
0.28395,0.67685,12, 3.0
0.26179,0.62344,12, 9.0
0.29698,0.64066,12, 9.0
0.50166,0.59609,12, 32.0
0.36608,0.66501,12, 7.0
0.39291,0.66191,12, 9.0
0.16256,0.64630,12, 16.0
0.11985,0.66189,12, 5.0
0.17322,0.64634,12, 32.0
0.36942,0.66598,12, 12.0
0.27157,0.52282,12, 30.0
0.70567,0.68022,12, 26.0
0.18408,0.63940,12, 8.0
0.23432,0.47820,12, 11.0
0.29258,0.64259,12, 32.0
0.31312,0.50359,12, 5.0
0.73408,0.63726,12, 12.0
0.29586,0.64036,12, 11.0
0.14097,0.64596,12, 24.0
0.19444,0.64417,12, 24.0
0.70115,0.68018,12, 32.0
0.24720,0.63963,12, 12.0
0.32186,0.64934,12, 9.0
0.79506,0.67993,12, 14.0
0.19097,0.63617,12, 32.0
0.72192,0.63891,12, 14.0
0.77431,0.64293,12, 30.0
0.74642,0.65322,12, 12.0
0.74666,0.64870,12, 16.0
0.21953,0.62682,12, 7.0
0.16032,0.62802,12, 3.0
0.19253,0.63447,12, 3.0
0.12030,0.61218,12, 5.0
0.08635,0.67852,12, 5.0
0.10330,0.68298,12, 5.0
0.15653,0.62253,12, 32.0
0.31647,0.68675,12, 9.0
0.22699,0.62750,12, 3.0
0.69796,0.68231,12, 17.0
0.27558,0.69373,12, 32.0
0.28327,0.66157,12, 3.0
0.18255,0.55461,13, 11.0
0.20266,0.59103,13, 5.0
0.09996,0.61342,13, 3.0
0.11640,0.61500,13, 20.0
0.06799,0.64948,13, 3.0
0.03292,0.59842,13, 0.0
0.06681,0.62470,13, 32.0
0.02075,0.59726,13, 0.0
0.01105,0.60790,13, 0.0
0.00837,0.62458,13, 5.0
0.00649,0.61091,13, 5.0
0.02694,0.61652,13, 0.0
0.30475,0.58935,13, 7.0
0.02039,0.55595,13, 3.0
0.01282,0.54313,13, 0.0
0.20488,0.57398,13, 9.0
0.31410,0.69408,13, 9.0
0.14274,0.69225,13, 32.0
0.14274,0.69225,13, 0.0
0.23949,0.67062,13, 14.0
0.21392,0.68094,13, 30.0
0.20328,0.65598,13, 3.0
0.27574,0.66942,13, 8.0
0.19568,0.69674,13, 2.0
0.38101,0.65482,13, 32.0
0.41871,0.66871,13, 5.0
0.63671,0.66212,13, 9.0
0.34976,0.60899,13, 5.0
0.25840,0.66884,13, 32.0
0.43555,0.64456,13, 7.0
0.23608,0.63262,13, 5.0
0.25840,0.66884,13, 9.0
0.37570,0.65699,13, 32.0
0.85125,0.65463,13, 12.0
0.21680,0.63135,13, 9.0
0.91857,0.57340,13, 32.0
0.32618,0.68970,13, 12.0
0.27558,0.69373,13, 5.0
0.22030,0.66962,13, 17.0
0.40424,0.68889,13, 11.0
0.20560,0.69652,13, 14.0
0.25908,0.66780,13, 12.0
0.71085,0.65203,13, 26.0
0.53046,0.63399,13, 7.0
0.26640,0.65348,13, 3.0
0.42842,0.64163,13, 24.0
0.24315,0.65847,13, 17.0
0.09471,0.52792,13, 7.0
0.30554,0.65079,13, 32.0
0.32548,0.52389,13, 11.0
0.24811,0.55541,13, 2.0
0.38339,0.55744,13, 9.0
0.02797,0.64003,13, 0.0
0.38618,0.61001,13, 32.0
0.08752,0.48846,13, 32.0
0.01670,0.53124,13, 0.0
0.22717,0.59223,13, 0.0
0.05911,0.58654,13, 19.0
0.02576,0.50346,13, 0.0
0.01999,0.59455,13, 0.0
0.08398,0.59448,13, 3.0
0.04069,0.57459,13, 3.0
0.05198,0.62204,13, 0.0
0.06800,0.50539,13, 0.0
0.18491,0.68272,13, 8.0
0.16624,0.54290,13, 3.0
0.09265,0.66127,13, 7.0
0.07932,0.64943,13, 32.0
0.34231,0.49407,13, 20.0
0.18027,0.66162,13, 19.0
0.63606,0.67463,13, 32.0
0.31065,0.53198,13, 12.0
0.21576,0.67761,13, 26.0
0.30128,0.67357,13, 9.0
0.48219,0.67060,13, 8.0
0.24896,0.65974,13, 26.0
0.23272,0.64835,13, 32.0
0.16706,0.65696,13, 9.0
0.25879,0.63967,13, 19.0
0.15034,0.65493,13, 32.0
0.27086,0.64491,13, 8.0
0.11594,0.64876,13, 5.0
0.45092,0.60612,13, 16.0
0.18546,0.65831,13, 3.0
0.36841,0.66315,13, 32.0
0.61777,0.64072,13, 32.0
0.25304,0.65344,13, 14.0
0.36566,0.64704,13, 14.0
0.28659,0.65659,13, 7.0
0.50103,0.64975,13, 9.0
0.36711,0.67237,13, 32.0
0.62864,0.70020,13, 30.0
0.19387,0.57031,13, 32.0
0.09143,0.56348,13, 7.0
0.22725,0.62730,13, 22.0
0.56111,0.61022,13, 32.0
0.32404,0.68751,13, 32.0
0.26040,0.68328,13, 2.0
0.21600,0.68500,13, 9.0
0.26055,0.69138,13, 22.0
0.11073,0.65627,13, 26.0
0.00275,0.59113,13, 22.0
0.27558,0.69373,13, 32.0
0.00672,0.62701,13, 0.0
0.23919,0.68530,14, 14.0
0.13903,0.68894,14, 14.0
0.14274,0.69225,14, 2.0
0.36071,0.66067,14, 5.0
0.07295,0.47316,14, 2.0
0.05033,0.62439,14, 25.0
0.04886,0.62175,14, 32.0
0.03223,0.62588,14, 0.0
0.03436,0.59816,14, 0.0
0.16000,0.60521,14, 2.0
0.46266,0.63155,14, 9.0
0.14476,0.63927,14, 5.0
0.03888,0.63286,14, 0.0
0.16746,0.64616,14, 32.0
0.04928,0.62415,14, 32.0
0.30377,0.62585,14, 32.0
0.02253,0.62028,14, 0.0
0.01006,0.62641,14, 0.0
0.00261,0.60675,14, 0.0
0.00672,0.62701,14, 0.0
0.03776,0.63398,14, 3.0
0.04061,0.60051,14, 0.0
0.07892,0.61111,14, 19.0
0.03417,0.64035,14, 0.0
0.08013,0.59895,14, 3.0
0.01241,0.61834,14, 12.0
0.01428,0.61593,14, 0.0
0.01367,0.58553,14, 0.0
0.03599,0.54558,14, 0.0
0.03552,0.61371,14, 0.0
0.01739,0.59413,14, 0.0
0.04552,0.61515,14, 0.0
0.00392,0.59284,14, 0.0
0.01617,0.59411,14, 0.0
0.01235,0.57346,14, 0.0
0.01335,0.60884,14, 22.0
0.02781,0.56313,14, 32.0
0.03292,0.59842,14, 22.0
0.03085,0.58506,14, 32.0
0.03292,0.59842,14, 0.0
0.02454,0.58339,14, 0.0
0.07835,0.59729,14, 17.0
0.06380,0.49525,14, 0.0
0.01679,0.58954,14, 0.0
0.08252,0.63162,14, 2.0
0.02711,0.57390,14, 5.0
0.03078,0.56695,14, 5.0
0.30652,0.59519,14, 8.0
0.22717,0.59223,14, 5.0
0.06114,0.62463,14, 11.0
0.28998,0.59072,14, 14.0
0.22717,0.59223,14, 2.0
0.02847,0.56251,14, 0.0
0.01439,0.54217,14, 0.0
0.00799,0.44734,14, 0.0
0.00845,0.51965,14, 0.0
0.18252,0.64961,14, 17.0
0.14412,0.62641,14, 5.0
0.14573,0.63523,14, 32.0
0.15242,0.62203,14, 5.0
0.38817,0.60328,14, 32.0
0.09174,0.62966,14, 22.0
0.07439,0.55031,14, 2.0
0.09160,0.60959,14, 5.0
0.17039,0.63038,14, 24.0
0.05644,0.63236,14, 32.0
0.03021,0.63550,14, 8.0
0.03809,0.62262,14, 32.0
0.02797,0.64003,14, 3.0
0.38618,0.61001,14, 32.0
0.08752,0.48846,14, 2.0
0.01670,0.53124,14, 5.0
0.09245,0.64374,14, 3.0
0.02276,0.56317,14, 0.0
0.03825,0.56946,14, 32.0
0.02722,0.55428,14, 0.0
0.05851,0.57529,14, 7.0
0.04907,0.59601,14, 0.0
0.09360,0.58344,14, 32.0
0.02083,0.55278,14, 0.0
0.02090,0.60109,14, 17.0
0.14816,0.61916,14, 14.0
0.01762,0.48375,14, 0.0
0.00405,0.45772,14, 32.0
0.49024,0.59184,14, 26.0
0.00649,0.53298,14, 5.0
0.04347,0.45992,14, 8.0
0.08793,0.49040,14, 5.0
0.23526,0.58215,14, 3.0
0.14276,0.59879,14, 2.0
0.02477,0.52671,14, 0.0
0.01747,0.59739,14, 0.0
0.37129,0.59487,14, 20.0
0.09606,0.59574,14, 9.0
0.05815,0.52657,14, 32.0
0.02532,0.58083,14, 0.0
0.03920,0.60324,14, 0.0
0.01421,0.58658,14, 0.0
0.01180,0.59984,14, 8.0
0.17888,0.56596,14, 12.0
0.03454,0.56028,14, 0.0
0.16347,0.57998,14, 3.0
0.01978,0.57111,14, 32.0
0.04128,0.58687,14, 5.0
0.22716,0.60488,14, 22.0
0.43982,0.59173,14, 9.0
0.19239,0.46364,14, 32.0
0.12878,0.44607,14, 17.0
0.08398,0.59448,14, 8.0
0.04069,0.57459,14, 0.0
0.05198,0.62204,14, 0.0
0.06800,0.50539,14, 0.0
0.00672,0.62701,14, 32.0
0.04305,0.62307,14, 0.0
0.01003,0.62317,14, 0.0
0.13124,0.61623,14, 32.0
0.04500,0.58441,14, 0.0
0.02967,0.58508,14, 0.0
0.07239,0.60517,14, 12.0
0.00578,0.61172,14, 12.0
0.69957,0.69408,15, 20.0
0.32219,0.66265,15, 14.0
0.14160,0.68413,15, 32.0
0.13665,0.69121,15, 32.0
0.04611,0.61738,15, 0.0
0.03934,0.63596,15, 0.0
0.02394,0.61428,15, 32.0
0.02086,0.61673,15, 0.0
0.02744,0.60559,15, 12.0
0.04919,0.63534,15, 7.0
0.04679,0.63554,15, 0.0
0.11456,0.64385,15, 5.0
0.11450,0.60256,15, 22.0
0.16836,0.61261,15, 32.0
0.13443,0.63439,15, 11.0
0.18556,0.63156,15, 2.0
0.04811,0.63213,15, 0.0
0.06626,0.63076,15, 32.0
0.04838,0.63652,15, 0.0
0.06158,0.60369,15, 0.0
0.04796,0.61234,15, 32.0
0.05942,0.63582,15, 0.0
0.02342,0.61434,15, 19.0
0.64427,0.63638,15, 16.0
0.00666,0.63182,15, 0.0
0.00836,0.62903,15, 7.0
0.07716,0.58733,15, 3.0
0.00307,0.59794,15, 0.0
0.00672,0.62701,15, 12.0
0.00481,0.60213,15, 0.0
0.01114,0.59876,15, 12.0
0.00856,0.62153,15, 0.0
0.01593,0.62403,15, 32.0
0.01006,0.62641,15, 20.0
0.01840,0.57223,15, 32.0
0.03510,0.60678,15, 0.0
0.05210,0.62868,15, 12.0
0.05735,0.60422,15, 2.0
0.03223,0.62588,15, 17.0
0.05525,0.61062,15, 3.0
0.01260,0.59876,15, 0.0
0.00787,0.60365,15, 0.0
0.02092,0.62956,15, 0.0
0.01621,0.60499,15, 0.0
0.03795,0.62222,15, 11.0
0.04608,0.56292,15, 0.0
0.01649,0.61377,15, 0.0
0.05088,0.61966,15, 5.0
0.18322,0.65047,15, 12.0
0.05883,0.62806,15, 0.0
0.04134,0.62860,15, 8.0
0.04545,0.58289,15, 0.0
0.05762,0.61767,15, 22.0
0.04832,0.62469,15, 0.0
0.13011,0.61925,15, 9.0
0.04656,0.63722,15, 12.0
0.02253,0.62028,15, 32.0
0.03239,0.61523,15, 32.0
0.03893,0.60278,15, 0.0
0.00702,0.57318,15, 0.0
0.01853,0.60653,15, 17.0
0.01629,0.61667,15, 0.0
0.00430,0.60493,15, 0.0
0.00853,0.61327,15, 0.0
0.13511,0.68970,15, 32.0
0.53267,0.53237,15, 32.0
0.16468,0.68209,15, 3.0
0.10023,0.64714,15, 32.0
0.03114,0.54325,15, 0.0
0.02327,0.57564,15, 0.0
0.03735,0.55611,15, 2.0
0.01370,0.54557,15, 3.0
0.45818,0.61472,15, 16.0
0.11275,0.64946,15, 5.0
0.07702,0.54952,15, 32.0
0.03700,0.63280,15, 2.0
0.08544,0.55942,15, 0.0
0.08612,0.59105,15, 0.0
0.08821,0.59347,15, 5.0
0.09858,0.54218,15, 8.0
0.08537,0.60076,15, 0.0
0.08731,0.60454,15, 5.0
0.10715,0.60000,15, 3.0
0.04027,0.57868,15, 3.0
0.05203,0.61233,15, 0.0
0.29686,0.58359,15, 8.0
0.09391,0.45999,15, 9.0
0.02249,0.50617,15, 0.0
0.01869,0.65346,15, 9.0
0.05088,0.59319,15, 0.0
0.04112,0.66060,15, 0.0
0.00866,0.60325,15, 32.0
0.02999,0.59316,15, 0.0
0.01222,0.54613,15, 0.0
0.02426,0.50864,15, 3.0
0.03151,0.52488,15, 32.0
0.01181,0.58772,15, 0.0
0.02971,0.60360,15, 0.0
0.03012,0.54615,15, 14.0
0.00556,0.53020,15, 29.0
0.35836,0.57355,15, 12.0
0.09483,0.55787,15, 5.0
0.05023,0.48655,15, 32.0
0.04767,0.52819,15, 0.0
0.02714,0.64051,15, 11.0
0.07575,0.58059,15, 26.0
0.05148,0.65585,15, 32.0
0.01405,0.58638,15, 0.0
0.03910,0.63592,15, 32.0
0.30928,0.62091,15, 7.0
0.12012,0.47097,15, 9.0
0.01975,0.51418,15, 9.0
0.07353,0.54977,15, 2.0
0.02239,0.56521,15, 0.0
0.05201,0.43771,15, 17.0
0.25358,0.50064,15, 32.0
0.05243,0.62909,15, 0.0
0.05190,0.61753,15, 0.0
0.03945,0.61529,15, 2.0
0.05645,0.61605,15, 5.0
0.02991,0.52913,15, 0.0
0.01740,0.50426,15, 0.0
0.02266,0.51430,15, 9.0
0.02196,0.52455,15, 0.0
0.22717,0.59223,15, 11.0
0.05911,0.58654,15, 19.0
0.02576,0.50346,15, 32.0
0.01999,0.59455,15, 7.0
0.06429,0.60569,15, 12.0
0.01314,0.62281,15, 0.0
0.00672,0.62701,15, 7.0
0.06429,0.60569,15, 3.0
0.01003,0.62317,15, 0.0
0.03711,0.62985,15, 2.0
0.03417,0.64035,15, 0.0
0.03246,0.65133,15, 17.0
0.18322,0.67858,16, 32.0
0.28946,0.64096,16, 8.0
0.17999,0.69530,16, 14.0
0.31289,0.65434,16, 32.0
0.05133,0.64774,16, 0.0
0.02947,0.66044,16, 17.0
0.08027,0.65418,16, 0.0
0.04751,0.65509,16, 3.0
0.04012,0.60772,16, 32.0
0.03143,0.62444,16, 32.0
0.03965,0.59925,16, 0.0
0.24486,0.62389,16, 16.0
0.05040,0.63019,16, 22.0
0.02320,0.61525,16, 32.0
0.02591,0.62565,16, 20.0
0.01909,0.61095,16, 0.0
0.07794,0.55827,16, 2.0
0.02641,0.62152,16, 0.0
0.02797,0.64003,16, 7.0
0.04248,0.62304,16, 32.0
0.04838,0.63652,16, 32.0
0.04891,0.61967,16, 22.0
0.14140,0.59945,16, 5.0
0.07021,0.58993,16, 2.0
0.56779,0.39998,16, 32.0
0.03951,0.48800,16, 16.0
0.03875,0.51748,16, 0.0
0.04476,0.63563,16, 5.0
0.05348,0.61061,16, 0.0
0.05274,0.60206,16, 7.0
0.16628,0.61907,16, 32.0
0.04663,0.62696,16, 32.0
0.02877,0.63927,16, 0.0
0.05176,0.64441,16, 9.0
0.05614,0.64380,16, 17.0
0.06282,0.63288,16, 32.0
0.19332,0.53342,16, 20.0
0.13544,0.63441,16, 11.0
0.12468,0.63396,16, 0.0
0.22054,0.60158,16, 16.0
0.14273,0.64771,16, 17.0
0.04898,0.62436,16, 5.0
0.31168,0.62256,16, 14.0
0.03888,0.63286,16, 14.0
0.38044,0.65178,16, 5.0
0.02780,0.62625,16, 0.0
0.03490,0.51177,16, 20.0
0.26363,0.61450,16, 32.0
0.09455,0.61960,16, 2.0
0.10168,0.55774,16, 3.0
0.04811,0.63213,16, 2.0
0.11930,0.63019,16, 5.0
0.00915,0.62880,16, 0.0
0.00666,0.63182,16, 20.0
0.00870,0.56701,16, 0.0
0.00944,0.61433,16, 0.0
0.02454,0.62885,16, 0.0
0.03171,0.58282,16, 0.0
0.01639,0.63440,16, 11.0
0.02092,0.62956,16, 22.0
0.22362,0.61949,16, 8.0
0.09923,0.59352,16, 7.0
0.05447,0.61331,16, 3.0
0.04841,0.63860,16, 12.0
0.08381,0.61881,16, 25.0
0.07210,0.61845,16, 5.0
0.11928,0.59754,16, 14.0
0.06371,0.61747,16, 5.0
0.00836,0.62903,16, 0.0
0.00672,0.62701,16, 5.0
0.48372,0.62543,16, 14.0
0.01002,0.62181,16, 0.0
0.16333,0.67287,16, 3.0
0.15766,0.67671,16, 32.0
0.10174,0.65659,16, 8.0
0.12562,0.68099,16, 0.0
0.02583,0.56248,16, 17.0
0.05644,0.45641,16, 2.0
0.02774,0.55337,16, 32.0
0.01606,0.48899,16, 0.0
0.04958,0.59301,16, 0.0
0.29764,0.60473,16, 11.0
0.07608,0.46917,16, 2.0
0.01963,0.58665,16, 0.0
0.03355,0.54129,16, 32.0
0.02511,0.54329,16, 5.0
0.05255,0.56647,16, 0.0
0.03578,0.57809,16, 0.0
0.45818,0.61472,16, 32.0
0.11275,0.64946,16, 32.0
0.07702,0.54952,16, 5.0
0.03700,0.63280,16, 0.0
0.04788,0.62807,16, 5.0
0.17006,0.63333,16, 17.0
0.02919,0.61626,16, 0.0
0.03428,0.63993,16, 32.0
0.04553,0.62347,16, 32.0
0.05675,0.63233,16, 0.0
0.07156,0.65611,16, 3.0
0.03613,0.60788,16, 0.0
0.08238,0.64318,16, 24.0
0.06743,0.65605,16, 0.0
0.12839,0.62456,16, 14.0
0.03624,0.60634,16, 0.0
0.04610,0.62923,16, 11.0
0.08062,0.63028,16, 0.0
0.11522,0.61748,16, 7.0
0.06807,0.62423,16, 17.0
0.17722,0.63194,16, 3.0
0.11370,0.63388,16, 17.0
0.08211,0.63564,16, 12.0
0.25670,0.62167,16, 3.0
0.05525,0.54037,16, 9.0
0.03716,0.56037,16, 17.0
0.05062,0.60947,16, 14.0
0.02632,0.54942,16, 32.0
0.05203,0.61233,16, 20.0
0.29686,0.58359,16, 3.0
0.09391,0.45999,16, 12.0
0.02249,0.50617,16, 7.0
0.06659,0.62979,16, 9.0
0.03853,0.63864,16, 0.0
0.07350,0.62974,16, 32.0
0.04953,0.61852,16, 5.0
0.01004,0.64903,16, 0.0
0.02820,0.58428,16, 26.0
0.03072,0.63176,16, 12.0
0.01188,0.58815,16, 0.0
0.04556,0.57715,16, 0.0
0.12692,0.55452,16, 2.0
0.01926,0.56029,16, 0.0
0.02243,0.56203,16, 0.0
0.08409,0.62827,16, 2.0
0.06437,0.61214,16, 3.0
0.05310,0.63364,16, 22.0
0.04471,0.62088,16, 11.0
0.04989,0.51261,16, 0.0
0.34737,0.58518,16, 17.0
0.08567,0.46852,16, 32.0
0.04105,0.51997,16, 5.0
0.00452,0.53057,16, 0.0
0.00239,0.55385,16, 32.0
0.00342,0.50930,16, 0.0
0.00202,0.47708,16, 0.0
0.04369,0.62178,16, 0.0
0.01378,0.63588,16, 32.0
0.05806,0.60685,16, 11.0
0.14255,0.66149,16, 25.0
0.05458,0.61475,16, 0.0
0.01749,0.64410,16, 0.0
0.06217,0.63318,16, 2.0
0.03764,0.65593,16, 0.0
0.08513,0.68356,17, 3.0
0.07473,0.57903,17, 7.0
0.28941,0.68711,17, 12.0
0.09261,0.65329,17, 32.0
0.21458,0.67379,17, 9.0
0.14503,0.62148,17, 17.0
0.20103,0.67133,17, 29.0
0.63314,0.64243,17, 8.0
0.07051,0.62157,17, 2.0
0.02669,0.65324,17, 0.0
0.02937,0.64708,17, 0.0
0.07553,0.67830,17, 2.0
0.10821,0.67074,17, 2.0
0.33556,0.64167,17, 9.0
0.09289,0.67193,17, 16.0
0.10316,0.65015,17, 7.0
0.03204,0.62920,17, 0.0
0.10466,0.63276,17, 32.0
0.05139,0.66037,17, 8.0
0.32902,0.64665,17, 16.0
0.10410,0.63593,17, 3.0
0.13985,0.65352,17, 3.0
0.12858,0.65032,17, 12.0
0.08027,0.65418,17, 25.0
0.04559,0.66210,17, 0.0
0.00965,0.65546,17, 0.0
0.01038,0.65130,17, 0.0
0.03254,0.64655,17, 0.0
0.05710,0.65495,17, 7.0
0.05252,0.63507,17, 3.0
0.07690,0.62684,17, 2.0
0.05014,0.65203,17, 16.0
0.01873,0.64099,17, 26.0
0.02543,0.64317,17, 0.0
0.01939,0.64094,17, 0.0
0.01749,0.64410,17, 0.0
0.04496,0.63523,17, 0.0
0.05631,0.62464,17, 32.0
0.07661,0.65467,17, 7.0
0.03114,0.60986,17, 32.0
0.03417,0.64035,17, 0.0
0.04496,0.63523,17, 0.0
0.04051,0.61643,17, 0.0
0.03417,0.64035,17, 17.0
0.04093,0.61622,17, 0.0
0.03101,0.63548,17, 16.0
0.03922,0.63777,17, 11.0
0.03099,0.64496,17, 0.0
0.03755,0.64901,17, 0.0
0.06206,0.64892,17, 0.0
0.05006,0.59707,17, 5.0
0.05810,0.63587,17, 3.0
0.07335,0.51836,17, 32.0
0.03094,0.60575,17, 32.0
0.04818,0.63601,17, 2.0
0.04260,0.63396,17, 14.0
0.04546,0.63191,17, 32.0
0.04272,0.60728,17, 3.0
0.11926,0.61883,17, 32.0
0.13874,0.62949,17, 5.0
0.09697,0.47517,17, 5.0
0.50651,0.54327,17, 29.0
0.06951,0.62674,17, 2.0
0.10293,0.55961,17, 8.0
0.10507,0.62687,17, 2.0
0.08965,0.62681,17, 5.0
0.12097,0.61468,17, 5.0
0.13265,0.62389,17, 32.0
0.01617,0.60611,17, 0.0
0.04679,0.63554,17, 9.0
0.05006,0.63392,17, 20.0
0.12554,0.54466,17, 5.0
0.32841,0.62015,17, 11.0
0.03640,0.63650,17, 9.0
0.12468,0.63396,17, 3.0
0.21578,0.60723,17, 9.0
0.03324,0.61354,17, 32.0
0.13536,0.60748,17, 17.0
0.04059,0.58803,17, 0.0
0.03354,0.42647,17, 0.0
0.16251,0.67850,17, 22.0
0.46393,0.67489,17, 14.0
0.11391,0.67538,17, 2.0
0.18007,0.68507,17, 5.0
0.19885,0.67655,17, 3.0
0.06616,0.68542,17, 2.0
0.09165,0.66623,17, 9.0
0.47988,0.66598,17, 8.0
0.02947,0.63239,17, 7.0
0.05999,0.46944,17, 11.0
0.02214,0.61439,17, 12.0
0.00880,0.56008,17, 0.0
0.06935,0.65287,17, 16.0
0.08009,0.65109,17, 3.0
0.11433,0.64338,17, 9.0
0.09834,0.64425,17, 22.0
0.13275,0.57773,17, 7.0
0.02023,0.59458,17, 32.0
0.04292,0.44443,17, 0.0
0.28793,0.57323,17, 2.0
0.59442,0.62956,17, 32.0
0.23772,0.54596,17, 22.0
0.32099,0.60600,17, 12.0
0.01906,0.52444,17, 5.0
0.00670,0.59786,17, 0.0
0.06801,0.60898,17, 8.0
0.03031,0.58611,17, 2.0
0.51572,0.57672,17, 2.0
0.30264,0.63754,17, 17.0
0.17054,0.57211,17, 9.0
0.20494,0.62148,17, 22.0
0.38333,0.54869,17, 30.0
0.06772,0.60409,17, 9.0
0.01952,0.57069,17, 32.0
0.01631,0.58076,17, 32.0
0.00902,0.54759,17, 0.0
0.06394,0.52956,17, 5.0
0.01375,0.54093,17, 0.0
0.04692,0.41471,17, 8.0
0.20031,0.53835,17, 32.0
0.04958,0.59301,17, 0.0
0.29764,0.60473,17, 32.0
0.07608,0.46917,17, 3.0
0.01963,0.58665,17, 0.0
0.03643,0.62123,17, 26.0
0.03504,0.61121,17, 0.0
0.02344,0.62707,17, 32.0
0.02916,0.61955,17, 0.0
0.08406,0.64171,17, 5.0
0.02500,0.60563,17, 32.0
0.01430,0.54368,17, 0.0
0.22855,0.55904,17, 26.0
0.10768,0.63686,17, 2.0
0.06422,0.51464,17, 32.0
0.30345,0.64478,17, 32.0
0.02053,0.59317,17, 0.0
0.04572,0.58095,17, 0.0
0.05366,0.51451,17, 29.0
0.04825,0.57223,17, 0.0
0.04304,0.60471,17, 0.0
0.03502,0.50607,17, 0.0
0.29578,0.59277,17, 32.0
0.09477,0.46845,17, 24.0
0.01727,0.55233,17, 0.0
0.05645,0.60554,17, 20.0
0.46641,0.61205,17, 32.0
0.09493,0.46905,17, 32.0
0.06488,0.48984,17, 9.0
0.64884,0.62217,17, 8.0
0.23153,0.63505,17, 9.0
0.10928,0.51919,17, 32.0
0.06659,0.62369,17, 0.0
0.15174,0.60899,17, 7.0
0.25580,0.47756,17, 32.0
0.06682,0.55374,17, 14.0
0.20799,0.60802,17, 9.0
0.04475,0.63481,17, 9.0
0.04619,0.63181,17, 14.0
0.04650,0.63290,17, 2.0
0.04233,0.61972,17, 8.0
0.03764,0.65593,17, 0.0
0.05806,0.60685,17, 3.0
0.05034,0.63465,17, 9.0
0.13663,0.61161,17, 11.0
0.00641,0.66948,17, 0.0
0.01400,0.63602,17, 0.0
0.11733,0.64657,17, 8.0
0.00870,0.62636,17, 0.0
0.11635,0.66423,18, 32.0
0.12722,0.67128,18, 5.0
0.11526,0.69095,18, 16.0
0.09044,0.62483,18, 0.0
0.12562,0.68099,18, 17.0
0.12562,0.68099,18, 32.0
0.18188,0.67735,18, 14.0
0.36007,0.66437,18, 16.0
0.01797,0.67087,18, 0.0
0.01047,0.66821,18, 0.0
0.01548,0.66657,18, 0.0
0.00727,0.67275,18, 5.0
0.03162,0.66115,18, 24.0
0.04642,0.66113,18, 3.0
0.18921,0.63685,18, 32.0
0.04642,0.66113,18, 16.0
0.02691,0.63999,18, 5.0
0.03700,0.64858,18, 0.0
0.02873,0.65940,18, 19.0
0.07770,0.65572,18, 32.0
0.23601,0.62275,18, 32.0
0.11217,0.59037,18, 32.0
0.10459,0.65151,18, 3.0
0.07761,0.65339,18, 2.0
0.03625,0.63773,18, 0.0
0.04669,0.66157,18, 32.0
0.04633,0.65459,18, 32.0
0.03135,0.65845,18, 0.0
0.04595,0.65715,18, 32.0
0.05309,0.53872,18, 0.0
0.63833,0.62180,18, 26.0
0.03764,0.65593,18, 7.0
0.00814,0.48526,18, 0.0
0.03631,0.64186,18, 3.0
0.03602,0.62491,18, 0.0
0.00762,0.64311,18, 0.0
0.14653,0.66453,18, 24.0
0.09029,0.65495,18, 8.0
0.07099,0.65819,18, 0.0
0.09353,0.64169,18, 0.0
0.03055,0.65921,18, 12.0
0.02042,0.62518,18, 0.0
0.04632,0.64164,18, 0.0
0.02887,0.65514,18, 0.0
0.01140,0.64901,18, 0.0
0.01925,0.64765,18, 32.0
0.00901,0.64363,18, 0.0
0.00685,0.63616,18, 0.0
0.00734,0.63551,18, 14.0
0.00332,0.60914,18, 0.0
0.01402,0.63507,18, 0.0
0.00786,0.65335,18, 9.0
0.03755,0.64901,18, 0.0
0.05925,0.64298,18, 5.0
0.06833,0.66471,18, 32.0
0.09868,0.62690,18, 16.0
0.26360,0.64011,18, 32.0
0.06904,0.63661,18, 19.0
0.06206,0.64892,18, 32.0
0.06206,0.64892,18, 14.0
0.13021,0.65057,18, 5.0
0.04413,0.62946,18, 11.0
0.09823,0.65031,18, 0.0
0.07741,0.64914,18, 3.0
0.21268,0.57911,18, 11.0
0.01543,0.62230,18, 5.0
0.03634,0.64741,18, 22.0
0.02965,0.64330,18, 32.0
0.02933,0.63392,18, 32.0
0.02876,0.63882,18, 0.0
0.05148,0.64292,18, 0.0
0.03254,0.64655,18, 0.0
0.02554,0.63116,18, 0.0
0.04916,0.60028,18, 5.0
0.04537,0.63949,18, 0.0
0.05384,0.62386,18, 9.0
0.00907,0.61153,18, 0.0
0.01283,0.64249,18, 12.0
0.01223,0.62608,18, 0.0
0.01236,0.64009,18, 0.0
0.02361,0.62545,18, 0.0
0.02649,0.63354,18, 3.0
0.01749,0.64410,18, 2.0
0.02638,0.64760,18, 11.0
0.02237,0.64479,18, 0.0
0.02417,0.63993,18, 32.0
0.07544,0.64650,18, 3.0
0.01488,0.60561,18, 0.0
0.14379,0.62296,18, 0.0
0.09313,0.64897,18, 32.0
0.43196,0.70131,18, 32.0
0.16505,0.68137,18, 0.0
0.11016,0.60195,18, 12.0
0.31364,0.63218,18, 20.0
0.42480,0.70846,18, 17.0
0.12628,0.66253,18, 3.0
0.02389,0.66853,18, 19.0
0.00264,0.66854,18, 0.0
0.00679,0.65069,18, 0.0
0.18901,0.61684,18, 5.0
0.10067,0.68235,18, 9.0
0.14404,0.55827,18, 7.0
0.17478,0.64271,18, 17.0
0.13876,0.55027,18, 22.0
0.01377,0.58025,18, 32.0
0.01421,0.55405,18, 0.0
0.01613,0.57148,18, 0.0
0.03549,0.52929,18, 0.0
0.09063,0.64511,18, 0.0
0.07445,0.63648,18, 5.0
0.15282,0.63401,18, 17.0
0.13097,0.62938,18, 11.0
0.13275,0.57773,18, 8.0
0.02023,0.59458,18, 0.0
0.04292,0.44443,18, 3.0
0.28793,0.57323,18, 16.0
0.02865,0.60749,18, 0.0
0.27937,0.62153,18, 5.0
0.10349,0.47843,18, 5.0
0.01820,0.54320,18, 32.0
0.05758,0.62421,18, 12.0
0.03053,0.54197,18, 0.0
0.05629,0.58416,18, 0.0
0.04133,0.54229,18, 0.0
0.42668,0.58081,18, 12.0
0.14922,0.51973,18, 8.0
0.24535,0.54630,18, 9.0
0.02268,0.51742,18, 0.0
0.00925,0.64131,18, 8.0
0.00706,0.64477,18, 0.0
0.00658,0.61582,18, 0.0
0.12379,0.69202,18, 5.0
0.01349,0.66531,18, 0.0
0.01228,0.63359,18, 0.0
0.00728,0.63798,18, 32.0
0.00801,0.59874,18, 0.0
0.01500,0.62720,18, 0.0
0.01145,0.58706,18, 0.0
0.00984,0.60541,18, 32.0
0.01248,0.59193,18, 32.0
0.04276,0.59658,18, 32.0
0.02958,0.56950,18, 16.0
0.02906,0.50543,18, 8.0
0.02370,0.50882,18, 0.0
0.11029,0.65224,18, 3.0
0.26157,0.64470,18, 14.0
0.07068,0.63999,18, 9.0
0.08888,0.64404,18, 0.0
0.04573,0.63150,18, 0.0
0.02501,0.64116,18, 0.0
0.03363,0.64883,18, 12.0
0.02475,0.58558,18, 17.0
0.05104,0.62745,18, 0.0
0.03467,0.61311,18, 0.0
0.02152,0.61072,18, 0.0
0.02251,0.59566,18, 0.0
0.05303,0.59460,18, 19.0
0.09730,0.57263,18, 3.0
0.04156,0.57762,18, 0.0
0.05005,0.61502,18, 0.0
0.31634,0.57722,18, 32.0
0.07571,0.58358,18, 32.0
0.09153,0.47226,18, 7.0
0.02784,0.54962,18, 3.0
0.02383,0.57371,18, 32.0
0.01949,0.53320,18, 0.0
0.02021,0.52571,18, 32.0
0.01809,0.56312,18, 0.0
0.00455,0.58844,18, 0.0
0.00433,0.59474,18, 0.0
0.00458,0.55824,18, 0.0
0.00731,0.57055,18, 0.0
0.01410,0.55676,18, 0.0
0.00922,0.55613,18, 0.0
0.01217,0.51997,18, 14.0
0.00738,0.51774,18, 0.0
0.03092,0.64327,18, 11.0
0.09296,0.67334,18, 2.0
0.14773,0.67723,18, 32.0
0.00901,0.61115,18, 0.0
0.03813,0.65232,18, 17.0
0.25273,0.67815,18, 32.0
0.00523,0.58264,18, 0.0
0.04488,0.65249,18, 32.0
0.27429,0.69491,19, 11.0
0.37332,0.68065,19, 9.0
0.40257,0.68357,19, 32.0
0.17405,0.68068,19, 2.0
0.33507,0.63960,19, 32.0
0.35013,0.67488,19, 8.0
0.62708,0.65202,19, 26.0
0.20282,0.67544,19, 22.0
0.23798,0.68765,19, 3.0
0.06343,0.65263,19, 0.0
0.20818,0.64552,19, 3.0
0.12157,0.68073,19, 14.0
0.01814,0.66758,19, 0.0
0.01797,0.67087,19, 5.0
0.02104,0.66892,19, 5.0
0.01663,0.65475,19, 0.0
0.02879,0.66931,19, 0.0
0.00337,0.65679,19, 0.0
0.02269,0.65682,19, 0.0
0.01887,0.66210,19, 0.0
0.01123,0.65462,19, 32.0
0.00182,0.67297,19, 0.0
0.00527,0.67435,19, 0.0
0.01941,0.64619,19, 32.0
0.00771,0.67510,19, 0.0
0.01389,0.67080,19, 14.0
0.01047,0.66821,19, 0.0
0.05069,0.64518,19, 17.0
0.05051,0.64754,19, 0.0
0.03219,0.66670,19, 0.0
0.01603,0.66217,19, 8.0
0.00676,0.65763,19, 29.0
0.02838,0.63462,19, 0.0
0.07513,0.65970,19, 22.0
0.17355,0.60619,19, 0.0
0.01192,0.66671,19, 0.0
0.05267,0.64662,19, 7.0
0.04488,0.65662,19, 16.0
0.06140,0.65871,19, 0.0
0.03256,0.60388,19, 0.0
0.03383,0.65708,19, 0.0
0.13081,0.66600,19, 30.0
0.03200,0.66683,19, 2.0
0.04439,0.66288,19, 20.0
0.49609,0.61076,19, 32.0
0.03135,0.65845,19, 0.0
0.04791,0.66031,19, 0.0
0.05671,0.64945,19, 5.0
0.07099,0.65819,19, 32.0
0.04040,0.65331,19, 5.0
0.00641,0.55690,19, 0.0
0.07570,0.65793,19, 32.0
0.11037,0.62483,19, 32.0
0.23215,0.61463,19, 14.0
0.12442,0.62157,19, 5.0
0.06244,0.66909,19, 32.0
0.03764,0.65593,19, 0.0
0.03919,0.64530,19, 3.0
0.04810,0.63386,19, 3.0
0.03202,0.64735,19, 0.0
0.09274,0.55139,19, 11.0
0.57746,0.56070,19, 12.0
0.04583,0.65178,19, 0.0
0.03769,0.62021,19, 0.0
0.03899,0.63667,19, 0.0
0.02387,0.64687,19, 9.0
0.00929,0.62551,19, 5.0
0.00854,0.62594,19, 12.0
0.11210,0.62958,19, 2.0
0.04218,0.66932,19, 5.0
0.08584,0.65903,19, 17.0
0.10132,0.65821,19, 0.0
0.29067,0.64718,19, 12.0
0.06552,0.64504,19, 14.0
0.08027,0.65418,19, 32.0
0.09321,0.65379,19, 14.0
0.02887,0.65514,19, 32.0
0.03638,0.65232,19, 0.0
0.06446,0.66629,19, 17.0
0.03188,0.64269,19, 0.0
0.02349,0.65376,19, 0.0
0.00388,0.64599,19, 0.0
0.01747,0.60162,19, 0.0
0.00510,0.64342,19, 0.0
0.04856,0.65688,19, 14.0
0.11543,0.64746,19, 5.0
0.04710,0.60971,19, 3.0
0.09823,0.65031,19, 14.0
0.05802,0.57717,19, 9.0
0.03318,0.65209,19, 3.0
0.03755,0.64901,19, 0.0
0.04525,0.58969,19, 12.0
0.03001,0.62217,19, 0.0
0.07994,0.65957,19, 17.0
0.03285,0.61756,19, 0.0
0.01586,0.59961,19, 9.0
0.13344,0.63188,19, 20.0
0.13701,0.61237,19, 0.0
0.11435,0.57961,19, 2.0
0.08597,0.61477,19, 2.0
0.16669,0.65705,19, 0.0
0.15388,0.65930,19, 32.0
0.16783,0.67193,19, 3.0
0.12317,0.65914,19, 3.0
0.16905,0.66992,19, 3.0
0.03299,0.67267,19, 0.0
0.05717,0.67158,19, 32.0
0.23818,0.65106,19, 32.0
0.02552,0.65263,19, 0.0
0.14878,0.67008,19, 11.0
0.02331,0.47790,19, 9.0
0.01008,0.57238,19, 0.0
0.02389,0.66853,19, 25.0
0.00264,0.66854,19, 0.0
0.00679,0.65069,19, 0.0
0.18901,0.61684,19, 3.0
0.01517,0.63254,19, 8.0
0.00191,0.60779,19, 0.0
0.00286,0.62005,19, 0.0
0.01797,0.61021,19, 0.0
0.03615,0.64525,19, 0.0
0.03473,0.48691,19, 3.0
0.01250,0.61091,19, 0.0
0.39112,0.66636,19, 32.0
0.01112,0.65364,19, 0.0
0.02503,0.47567,19, 0.0
0.02503,0.64584,19, 5.0
0.27307,0.64851,19, 32.0
0.20917,0.67936,19, 8.0
0.09022,0.59750,19, 3.0
0.16435,0.62284,19, 9.0
0.11863,0.58046,19, 32.0
0.01177,0.58088,19, 0.0
0.01836,0.57566,19, 12.0
0.00869,0.59639,19, 0.0
0.00622,0.55874,19, 0.0
0.01089,0.64096,19, 32.0
0.03532,0.64727,19, 0.0
0.10529,0.69527,19, 20.0
0.00739,0.64356,19, 0.0
0.10738,0.64589,19, 9.0
0.03791,0.63858,19, 0.0
0.02665,0.62958,19, 0.0
0.03636,0.65312,19, 0.0
0.43084,0.59652,19, 32.0
0.67644,0.66523,19, 32.0
0.04221,0.59183,19, 14.0
0.42800,0.63589,19, 32.0
0.06060,0.63655,19, 32.0
0.14986,0.49292,19, 9.0
0.46621,0.63143,19, 30.0
0.03058,0.60440,19, 0.0
0.09799,0.64576,19, 12.0
0.34861,0.63369,19, 26.0
0.06785,0.49259,19, 2.0
0.03003,0.63085,19, 0.0
0.02865,0.60749,19, 0.0
0.27937,0.62153,19, 32.0
0.10349,0.47843,19, 12.0
0.01820,0.54320,19, 32.0
0.00732,0.65694,19, 0.0
0.00347,0.59542,19, 0.0
0.00808,0.63746,19, 32.0
0.14940,0.66335,19, 11.0
0.06819,0.65943,19, 9.0
0.02168,0.46272,19, 0.0
0.04131,0.60838,19, 32.0
0.04047,0.54238,19, 32.0
0.11090,0.58440,19, 2.0
0.06374,0.58126,19, 0.0
0.07558,0.54791,19, 32.0
0.05996,0.55162,19, 2.0
0.04010,0.66284,19, 26.0
0.02314,0.50130,19, 32.0
0.03270,0.61266,19, 0.0
0.04682,0.58973,19, 0.0
0.01270,0.59665,19, 0.0
0.00666,0.61331,19, 0.0
0.00885,0.58338,19, 0.0
0.01332,0.62002,19, 0.0
0.03895,0.64607,19, 22.0
0.26684,0.64044,19, 2.0
0.04300,0.65690,19, 0.0
0.08135,0.63849,19, 2.0
0.04508,0.61717,19, 3.0
0.02908,0.62779,19, 25.0
0.02427,0.60624,19, 0.0
0.04775,0.61794,19, 2.0
0.19888,0.66635,19, 9.0
0.07529,0.57439,19, 32.0
0.14995,0.60519,19, 5.0
0.26504,0.54199,19, 3.0
0.01908,0.67310,19, 17.0
0.08155,0.65715,19, 2.0
0.13004,0.68719,19, 17.0
0.23645,0.65557,19, 3.0
0.02385,0.65136,19, 0.0
0.00759,0.67152,19, 0.0
0.04462,0.66709,19, 24.0
0.12562,0.68099,19, 25.0
